holiday,temp,clouds_all,weather_main,date_time,traffic_volume
None,288.28,40,Clouds,2012-10-02 09:00:00,5545
None,289.36,75,Clouds,2012-10-02 10:00:00,4516
None,289.58,90,Clouds,2012-10-02 11:00:00,4767
None,290.13,90,Clouds,2012-10-02 12:00:00,5026
None,291.14,75,Clouds,2012-10-02 13:00:00,4918
None,291.72,1,Clear,2012-10-02 14:00:00,5181
None,293.17,1,Clear,2012-10-02 15:00:00,5584
None,293.86,1,Clear,2012-10-02 16:00:00,6015
None,294.14,20,Clouds,2012-10-02 17:00:00,5791
None,293.1,20,Clouds,2012-10-02 18:00:00,4770
None,290.97,20,Clouds,2012-10-02 19:00:00,3539
None,289.38,1,Clear,2012-10-02 20:00:00,2784
None,288.61,1,Clear,2012-10-02 21:00:00,2361
None,287.16,1,Clear,2012-10-02 22:00:00,1529
None,285.45,1,Clear,2012-10-02 23:00:00,963
None,284.63,1,Clear,2012-10-03 00:00:00,506
None,283.47,1,Clear,2012-10-03 01:00:00,321
None,281.18,1,Clear,2012-10-03 02:00:00,273
None,281.09,1,Clear,2012-10-03 03:00:00,367
None,279.53,1,Clear,2012-10-03 04:00:00,814
None,278.62,1,Clear,2012-10-03 05:00:00,2718
None,278.23,1,Clear,2012-10-03 06:00:00,5673
None,278.12,1,Clear,2012-10-03 08:00:00,6511
None,282.48,1,Clear,2012-10-03 09:00:00,5471
None,291.97,1,Clear,2012-10-03 12:00:00,5097
None,293.23,1,Clear,2012-10-03 13:00:00,4887
None,294.31,1,Clear,2012-10-03 14:00:00,5337
None,295.17,1,Clear,2012-10-03 15:00:00,5692
None,295.13,1,Clear,2012-10-03 16:00:00,6137
None,293.66,20,Clouds,2012-10-03 18:00:00,4623
None,290.65,20,Clouds,2012-10-03 19:00:00,3591
None,288.19,20,Clouds,2012-10-03 20:00:00,2898
None,287.1,1,Clear,2012-10-03 21:00:00,2637
None,286.25,1,Clear,2012-10-03 22:00:00,1777
None,285.26,1,Clear,2012-10-03 23:00:00,1015
None,284.55,1,Clear,2012-10-04 00:00:00,598
None,283.47,1,Clear,2012-10-04 01:00:00,369
None,283.17,1,Clear,2012-10-04 02:00:00,312
None,282.04,1,Clear,2012-10-04 03:00:00,367
None,281.69,1,Clear,2012-10-04 04:00:00,835
None,281.32,1,Clear,2012-10-04 05:00:00,2726
None,280.74,1,Clear,2012-10-04 06:00:00,5689
None,280.57,1,Clear,2012-10-04 07:00:00,6990
None,281.86,1,Clear,2012-10-04 08:00:00,5985
None,284.98,1,Clear,2012-10-04 09:00:00,5309
None,289.18,1,Clear,2012-10-04 10:00:00,4603
None,291.55,1,Clear,2012-10-04 11:00:00,4884
None,294.97,1,Clear,2012-10-04 12:00:00,5104
None,296.38,1,Clear,2012-10-04 13:00:00,5178
None,297.32,1,Clear,2012-10-04 14:00:00,5501
None,298.17,1,Clear,2012-10-04 15:00:00,5713
None,298.06,20,Clouds,2012-10-04 16:00:00,6292
None,297.67,20,Clouds,2012-10-04 17:00:00,6057
None,296.36,40,Clouds,2012-10-04 18:00:00,4907
None,293.85,40,Clouds,2012-10-04 19:00:00,3503
None,292.43,40,Clouds,2012-10-04 20:00:00,3037
None,291.77,75,Clouds,2012-10-04 21:00:00,2822
None,291.36,75,Clouds,2012-10-04 22:00:00,1992
None,291.12,75,Clouds,2012-10-04 23:00:00,1166
None,290.63,75,Clouds,2012-10-05 00:00:00,627
None,290.46,40,Clouds,2012-10-05 01:00:00,388
None,289.26,0,Clear,2012-10-05 03:00:00,368
None,283.21,75,Clouds,2012-10-05 05:00:00,2489
None,282.24,90,Clouds,2012-10-05 06:00:00,5537
None,281.69,90,Clouds,2012-10-05 07:00:00,6628
None,280.57,90,Clouds,2012-10-05 08:00:00,5534
None,282,75,Clouds,2012-10-05 09:00:00,5403
None,280.11,75,Clouds,2012-10-05 10:00:00,4770
None,28,90,Clouds,2012-10-05 11:00:00,5217
None,280.53,90,Clouds,2012-10-05 12:00:00,5870
None,281.43,75,Clouds,2012-10-05 13:00:00,5967
None,281.78,90,Clouds,2012-10-05 14:00:00,6108
None,281.91,90,Clouds,2012-10-05 15:00:00,6128
None,281.73,90,Clouds,2012-10-05 16:00:00,6069
None,281.42,90,Clouds,2012-10-05 17:00:00,6169
None,280.87,90,Clouds,2012-10-05 18:00:00,5384
None,280.15,90,Clouds,2012-10-05 19:00:00,4063
None,279.78,90,Clouds,2012-10-05 20:00:00,3364
None,279.65,75,Clouds,2012-10-05 21:00:00,2971
None,279.22,40,Clouds,2012-10-05 22:00:00,2450
None,279.06,40,Clouds,2012-10-05 23:00:00,1832
None,278.81,90,Clouds,2012-10-06 00:00:00,1231
None,278.55,90,Clouds,2012-10-06 01:00:00,718
None,278.59,90,Clouds,2012-10-06 02:00:00,545
None,276.99,75,Clouds,2012-10-06 04:00:00,411
None,276.35,20,Clouds,2012-10-06 05:00:00,688
None,275.4,1,Clear,2012-10-06 06:00:00,1352
None,275.17,1,Clear,2012-10-06 07:00:00,2072
None,274.99,1,Clear,2012-10-06 08:00:00,3342
None,275.09,40,Clouds,2012-10-06 09:00:00,4258
None,276.88,20,Clouds,2012-10-06 10:00:00,4861
None,278.04,20,Clouds,2012-10-06 11:00:00,5191
None,279.08,40,Clouds,2012-10-06 12:00:00,5669
None,280.12,75,Clouds,2012-10-06 13:00:00,5074
None,280.25,75,Clouds,2012-10-06 14:00:00,5025
None,28,75,Clouds,2012-10-06 15:00:00,5153
None,279.06,90,Clouds,2012-10-06 16:00:00,5024
None,278.91,90,Clouds,2012-10-06 17:00:00,4779
None,278.39,90,Clouds,2012-10-06 18:00:00,4362
None,278.16,90,Clouds,2012-10-06 19:00:00,3860
None,278.16,90,Clouds,2012-10-06 20:00:00,3160
None,277.93,90,Clouds,2012-10-06 21:00:00,2992
None,276.9,90,Clouds,2012-10-06 22:00:00,3202
None,276.34,75,Clouds,2012-10-06 23:00:00,1941
None,276.11,75,Clouds,2012-10-07 00:00:00,1233
None,275.73,90,Clouds,2012-10-07 03:00:00,323
None,275.65,90,Clouds,2012-10-07 04:00:00,312
None,275.51,75,Clouds,2012-10-07 05:00:00,627
None,275.05,90,Clouds,2012-10-07 06:00:00,1508
None,274.77,90,Clouds,2012-10-07 07:00:00,1539
None,274.77,75,Clouds,2012-10-07 08:00:00,2232
None,275.55,75,Clouds,2012-10-07 09:00:00,4568
None,276.24,75,Clouds,2012-10-07 10:00:00,4624
None,277.01,90,Clouds,2012-10-07 11:00:00,4529
None,277.43,90,Clouds,2012-10-07 12:00:00,5139
None,278.45,90,Clouds,2012-10-07 13:00:00,6640
None,279.27,90,Clouds,2012-10-07 14:00:00,6589
None,279.27,90,Clouds,2012-10-07 15:00:00,4429
None,279.44,90,Clouds,2012-10-07 16:00:00,4329
None,279.32,90,Clouds,2012-10-07 17:00:00,3833
None,279.27,90,Clouds,2012-10-07 18:00:00,4015
None,278.11,90,Clouds,2012-10-07 19:00:00,3382
None,276.79,75,Clouds,2012-10-07 20:00:00,2815
None,275.73,90,Clouds,2012-10-07 21:00:00,2110
None,274.88,75,Clouds,2012-10-07 22:00:00,1555
None,273.92,20,Clouds,2012-10-07 23:00:00,959
Columbus Day,273.08,20,Clouds,2012-10-08 00:00:00,455
None,272.62,20,Clouds,2012-10-08 01:00:00,336
None,271.78,1,Clear,2012-10-08 02:00:00,265
None,271.05,1,Clear,2012-10-08 03:00:00,314
None,270.63,1,Clear,2012-10-08 04:00:00,779
None,270.33,1,Clear,2012-10-08 05:00:00,2571
None,269.61,20,Clouds,2012-10-08 06:00:00,5563
None,271,20,Clouds,2012-10-08 07:00:00,6676
None,271.23,20,Clouds,2012-10-08 08:00:00,5966
None,273.71,20,Clouds,2012-10-08 09:00:00,4832
None,276.77,20,Clouds,2012-10-08 10:00:00,4395
None,279.47,20,Clouds,2012-10-08 11:00:00,4411
None,279.84,1,Clear,2012-10-08 12:00:00,4648
None,282.34,40,Clouds,2012-10-08 13:00:00,4602
None,282.94,40,Clouds,2012-10-08 14:00:00,5125
None,283.48,1,Clear,2012-10-08 15:00:00,5502
None,284.33,1,Clear,2012-10-08 16:00:00,5979
None,284.48,40,Clouds,2012-10-08 17:00:00,5663
None,284.23,40,Clouds,2012-10-08 18:00:00,4259
None,281.99,20,Clouds,2012-10-08 19:00:00,3069
None,279.81,1,Clear,2012-10-08 20:00:00,2378
None,279.35,1,Clear,2012-10-08 21:00:00,2030
None,278.9,1,Clear,2012-10-08 22:00:00,1400
None,278.46,1,Clear,2012-10-08 23:00:00,917
None,277.78,1,Clear,2012-10-09 00:00:00,515
None,277.27,1,Clear,2012-10-09 01:00:00,302
None,277.47,1,Clear,2012-10-09 02:00:00,251
None,276.97,20,Clouds,2012-10-09 04:00:00,798
None,276.52,40,Clouds,2012-10-09 05:00:00,2678
None,276.6,40,Clouds,2012-10-09 06:00:00,5733
None,277.31,75,Clouds,2012-10-09 07:00:00,6449
None,278.38,90,Clouds,2012-10-09 08:00:00,5765
None,279.35,90,Clouds,2012-10-09 09:00:00,5599
None,281.37,90,Clouds,2012-10-09 10:00:00,4534
None,283.11,90,Clouds,2012-10-09 11:00:00,4691
None,284.08,75,Clouds,2012-10-09 12:00:00,5067
None,285.14,75,Clouds,2012-10-09 13:00:00,5030
None,286.35,90,Clouds,2012-10-09 14:00:00,5300
None,287.23,100,Rain,2012-10-09 15:00:00,5777
None,288.53,90,Clouds,2012-10-09 16:00:00,6349
None,290.37,90,Clouds,2012-10-09 17:00:00,6127
None,290.13,90,Clouds,2012-10-09 18:00:00,4460
None,288.86,75,Clouds,2012-10-09 19:00:00,3418
None,287.36,90,Clouds,2012-10-09 20:00:00,2775
None,285.11,90,Clouds,2012-10-09 21:00:00,2306
None,283.46,90,Clouds,2012-10-09 22:00:00,1846
None,282.45,90,Clouds,2012-10-09 23:00:00,947
None,281.88,90,Clouds,2012-10-10 00:00:00,494
None,281.78,90,Clouds,2012-10-10 01:00:00,332
None,281.09,75,Clouds,2012-10-10 02:00:00,261
None,281.17,90,Clouds,2012-10-10 03:00:00,361
None,281.25,92,Clear,2012-10-10 06:00:00,5875
None,281.25,99,Rain,2012-10-10 07:00:00,6793
None,281.25,99,Drizzle,2012-10-10 07:00:00,6793
None,280.1,99,Rain,2012-10-10 08:00:00,6283
None,280.1,99,Drizzle,2012-10-10 08:00:00,6283
None,279.61,99,Rain,2012-10-10 09:00:00,5680
None,279.61,99,Drizzle,2012-10-10 09:00:00,5680
None,279.67,99,Clear,2012-10-10 10:00:00,4632
None,280.19,1,Clear,2012-10-10 11:00:00,4887
None,282.09,75,Clouds,2012-10-10 12:00:00,5030
None,282.26,75,Clouds,2012-10-10 13:00:00,5067
None,282.05,90,Clouds,2012-10-10 14:00:00,5227
None,281.59,90,Clouds,2012-10-10 15:00:00,5610
None,281.23,81,Clear,2012-10-10 16:00:00,6286
None,282.6,81,Clear,2012-10-10 18:00:00,4775
None,282.6,81,Clear,2012-10-10 19:00:00,3340
None,282.6,81,Clear,2012-10-10 20:00:00,3013
None,282.6,81,Clear,2012-10-10 21:00:00,2603
None,282.6,81,Clear,2012-10-10 22:00:00,1910
None,282.6,81,Clear,2012-10-10 23:00:00,1037
None,273.9,1,Clear,2012-10-11 01:00:00,347
None,274.4,75,Clouds,2012-10-11 03:00:00,350
None,274.05,75,Clouds,2012-10-11 04:00:00,850
None,273.71,40,Clouds,2012-10-11 05:00:00,2791
None,272.66,1,Clear,2012-10-11 06:00:00,5809
None,272.65,1,Clear,2012-10-11 07:00:00,6798
None,272.52,1,Clear,2012-10-11 08:00:00,6304
None,275.19,20,Clouds,2012-10-11 09:00:00,5291
None,275.34,1,Clear,2012-10-11 10:00:00,4638
None,284.1,50,Clear,2012-10-11 14:00:00,5557
None,284.1,50,Clear,2012-10-11 15:00:00,5818
None,283.78,75,Clouds,2012-10-11 16:00:00,6272
None,283.52,75,Clouds,2012-10-11 17:00:00,5944
None,283.32,90,Clouds,2012-10-11 18:00:00,4949
None,282.06,90,Clouds,2012-10-11 19:00:00,3511
None,281.95,90,Clouds,2012-10-11 20:00:00,3039
None,281.81,90,Clouds,2012-10-11 21:00:00,2679
None,282.16,90,Clouds,2012-10-11 22:00:00,2094
None,282.53,90,Clouds,2012-10-11 23:00:00,1284
None,283.91,90,Clouds,2012-10-12 00:00:00,630
None,284.64,90,Clouds,2012-10-12 01:00:00,410
None,284.61,90,Clouds,2012-10-12 02:00:00,331
None,283.18,72,Drizzle,2012-10-12 03:00:00,372
None,282.26,72,Rain,2012-10-12 04:00:00,739
None,280.77,72,Drizzle,2012-10-12 05:00:00,2561
None,278.53,75,Clouds,2012-10-12 06:00:00,5586
None,277.64,75,Clouds,2012-10-12 07:00:00,6992
None,277.9,90,Clouds,2012-10-12 08:00:00,5860
None,278.18,90,Clouds,2012-10-12 09:00:00,5230
None,279.29,75,Clouds,2012-10-12 10:00:00,4864
None,280.45,75,Clouds,2012-10-12 11:00:00,5146
None,280.95,40,Clouds,2012-10-12 12:00:00,5526
None,281.74,40,Clouds,2012-10-12 13:00:00,5383
None,281.84,75,Clouds,2012-10-12 14:00:00,5758
None,282.45,75,Clouds,2012-10-12 15:00:00,5889
None,282.2,75,Clouds,2012-10-12 16:00:00,6057
None,281.54,40,Clouds,2012-10-12 17:00:00,6028
None,280.21,20,Clouds,2012-10-12 18:00:00,5257
None,282.2,56,Clear,2012-10-12 23:00:00,1897
None,272.58,1,Clear,2012-10-13 00:00:00,1335
None,272.06,1,Clear,2012-10-13 01:00:00,769
None,270.99,1,Clear,2012-10-13 02:00:00,570
None,270.29,20,Clouds,2012-10-13 03:00:00,413
None,269.48,1,Clear,2012-10-13 04:00:00,399
None,269.27,1,Clear,2012-10-13 05:00:00,740
None,268.91,1,Clear,2012-10-13 06:00:00,1420
None,268.98,75,Clouds,2012-10-13 07:00:00,2220
None,269.23,40,Clouds,2012-10-13 08:00:00,3479
None,272.61,40,Clouds,2012-10-13 09:00:00,4546
None,276.78,20,Clouds,2012-10-13 10:00:00,4579
None,279.22,1,Clear,2012-10-13 11:00:00,4438
None,280.35,1,Clear,2012-10-13 12:00:00,4623
None,281.81,1,Clear,2012-10-13 13:00:00,4440
None,283.05,1,Clear,2012-10-13 14:00:00,4495
None,283.96,1,Clear,2012-10-13 15:00:00,4483
None,284.53,1,Clear,2012-10-13 16:00:00,4591
None,284.44,1,Clear,2012-10-13 17:00:00,4477
None,283.64,1,Clear,2012-10-13 18:00:00,4221
None,281.85,20,Clouds,2012-10-13 19:00:00,3672
None,281.38,1,Clear,2012-10-13 20:00:00,3015
None,281.84,75,Clouds,2012-10-13 21:00:00,2769
None,282.23,90,Clouds,2012-10-13 22:00:00,2875
None,282.18,90,Clouds,2012-10-13 23:00:00,1931
None,282.49,90,Clouds,2012-10-14 00:00:00,1309
None,282.54,90,Clouds,2012-10-14 01:00:00,870
None,282.58,90,Clouds,2012-10-14 02:00:00,654
None,282.23,90,Clouds,2012-10-14 03:00:00,364
None,282.08,90,Clouds,2012-10-14 04:00:00,262
None,282.23,90,Clouds,2012-10-14 05:00:00,505
None,282.24,90,Clouds,2012-10-14 06:00:00,861
None,282.24,90,Clouds,2012-10-14 07:00:00,1132
None,282.24,57,Mist,2012-10-14 08:00:00,1797
None,282.43,57,Drizzle,2012-10-14 09:00:00,2685
None,282.43,57,Mist,2012-10-14 09:00:00,2685
None,282.43,57,Haze,2012-10-14 09:00:00,2685
None,282.33,57,Drizzle,2012-10-14 10:00:00,3370
None,282.33,57,Mist,2012-10-14 10:00:00,3370
None,282.82,57,Drizzle,2012-10-14 11:00:00,3662
None,282.82,57,Mist,2012-10-14 11:00:00,3662
None,283.33,57,Mist,2012-10-14 12:00:00,4076
None,283.33,57,Rain,2012-10-14 12:00:00,4076
None,283.33,57,Drizzle,2012-10-14 12:00:00,4076
None,283.75,93,Rain,2012-10-14 13:00:00,4128
None,283.75,93,Mist,2012-10-14 13:00:00,4128
None,283.75,93,Drizzle,2012-10-14 13:00:00,4128
None,284.09,93,Mist,2012-10-14 14:00:00,4358
None,284.09,93,Rain,2012-10-14 14:00:00,4358
None,284.09,93,Drizzle,2012-10-14 14:00:00,4358
None,284.55,93,Mist,2012-10-14 15:00:00,4342
None,284.55,93,Rain,2012-10-14 15:00:00,4342
None,284.68,93,Mist,2012-10-14 16:00:00,4234
None,284.64,93,Rain,2012-10-14 17:00:00,4271
None,284.64,93,Mist,2012-10-14 17:00:00,4271
None,284.4,93,Mist,2012-10-14 18:00:00,4080
None,284.17,93,Mist,2012-10-14 19:00:00,3453
None,284.03,93,Mist,2012-10-14 20:00:00,2718
None,283.58,93,Mist,2012-10-14 21:00:00,2439
None,283.04,93,Mist,2012-10-14 22:00:00,1819
None,281.95,93,Mist,2012-10-14 23:00:00,1002
None,281.95,93,Fog,2012-10-14 23:00:00,1002
None,281.61,93,Mist,2012-10-15 00:00:00,542
None,281.61,93,Fog,2012-10-15 00:00:00,542
None,281.57,85,Fog,2012-10-15 01:00:00,303
